epoch,train_loss,val_loss,val_macro_f1,val_micro_f1,epoch_time_sec
1,0.4663512507191304,0.3239868819155795,0.4148883106740974,0.49823952645813135,66.67617154121399
2,0.2769817299580892,0.3194867906977428,0.43570177983066394,0.5590443686006826,61.846877098083496
3,0.19969254390909655,0.40149134627909444,0.4708616045931115,0.594847775175644,68.8475570678711
4,0.15866094588453347,0.3974843110228057,0.46235831411534994,0.5865647187329328,62.36281657218933
5,0.13299275098963026,0.5651778489302092,0.5085859995846219,0.6428088215397104,60.75518727302551
6,0.11125675642237232,0.7218824896354784,0.5524566102498307,0.6726946537495515,62.44176769256592
7,0.10414556102087347,0.7462805287584409,0.5332284758004553,0.6647960284912584,61.14489388465881
8,0.08595751932749496,0.9677054036447493,0.5602012352764544,0.6799133487711959,61.58046817779541
9,0.07916322026228036,0.913970601810628,0.5343363643058877,0.6663723325974982,60.862860441207886
10,0.07150742309685675,1.0812511498368107,0.5700972413434218,0.6859018395542325,61.59538507461548
